<?xml version="1.0" encoding="UTF-8"?>
<!-- AutoMagical Optimisation Setting Configuration File -->

<automagical version="2.0">

	<global>

		<windows_services>
			<service display_name="Computer Browser">
				<name>Browser</name> <startup_type>Disabled</startup_type>
			</service>
			<service display_name="Windows Time">
				<name>W32Time</name> <startup_type>Disabled</startup_type>
			</service>
			<service display_name="Windows Update">
				<name>wuauserv</name> <startup_type>Disabled</startup_type>
			</service>
		</windows_services>

		<registry>

<!-- Network -->
			<key path="HKLM:\SYSTEM\CurrentControlSet\Services\Tcpip\Parameters">
				<value> <name>Tcp1323Opts</name> <type>DWORD</type> <data>1</data> </value>
				<value> <name>EnableTCPA</name> <type>DWORD</type> <data>0</data> </value>
				<value> <name>EnableRSS</name> <type>DWORD</type> <data>0</data> </value>
				<value> <name>EnableTCPChimney</name> <type>DWORD</type> <data>0</data> </value>
				<value> <name>SynAttackProtect</name> <type>DWORD</type> <data>1</data> </value>
				<value> <name>TcpTimedWaitDelay</name> <type>DWORD</type> <data>0x1e</data> </value>
				<value> <name>TCPWindowSize</name> <type>*REMOVE</type> <data></data> </value>
			</key>
			<key path="HKLM:\SYSTEM\CurrentControlSet\Services\AFD\Parameters">
				<value> <name>IgnorePushBitsOnReceive</name> <type>DWORD</type> <data>1</data> </value>
			</key>
			<key path="HKLM:\SYSTEM\CurrentControlSet\Services\Tcpip\Parameters\Interfaces\*">
				<value> <name>TcpAckFrequency</name> <type>DWORD</type> <data>1</data> </value>
				<value> <name>TcpDelAckTicks</name> <type>DWORD</type> <data>0</data> </value>
			</key>

		</registry>

		<network_shell>
		</network_shell>

		<nic>

<!-- Generic NIC settings irrespective of make and model.  Also serves as a "catch all" -->
			<nic_type vendor="any">
<!--			Flow Control -->
				<parameter> <name>FlowControl</name> <setting></setting> <value>0</value> </parameter>
				<parameter> <name>*FlowControl</name> <setting></setting> <value>0</value> </parameter>
				<parameter> <name>FlowControlCap</name> <setting></setting> <value>0</value> </parameter>
				<parameter> <name>flow_ctrl_cap</name> <setting></setting> <value>0</value> </parameter>
<!--			Interrupt Moderation & PowerManagement/Savings -->
				<parameter> <name>*InterruptModeration</name> <setting></setting> <value>0</value> </parameter>
				<parameter> <name>EnablePME</name> <setting></setting> <value>0</value> </parameter>
				<parameter> <name>AutoPowerSaveModeEnabled</name> <setting></setting> <value>0</value> </parameter>
				<parameter> <name>SavePowerNowEnabled</name> <setting></setting> <value>0</value> </parameter>
				<parameter> <name>GphyGreenMode</name> <setting></setting> <value>0</value> </parameter>
				<parameter> <name>GreenEthernet</name> <setting></setting> <value>0</value> </parameter>
<!--			Receive Side Scaling -->
				<parameter> <name>ReceiveScalingMode</name> <setting></setting> <value>0</value> </parameter>
				<parameter> <name>enable_rss</name> <setting></setting> <value>0</value> </parameter>
				<parameter> <name>*RSS</name> <setting></setting> <value>0</value> </parameter>
<!--			Large Send Offload -->
				<parameter> <name>enable_lso</name> <setting></setting> <value>0</value> </parameter>
				<parameter> <name>LargeSendOffload</name> <setting></setting> <value>0</value> </parameter>
				<parameter> <name>Largesend</name> <setting></setting> <value>0</value> </parameter>
				<parameter> <name>*LsoV1IPv4</name> <setting></setting> <value>0</value> </parameter>
				<parameter> <name>*LsoV2IPv4</name> <setting></setting> <value>0</value> </parameter>
				<parameter> <name>*LsoV2IPv6</name> <setting></setting> <value>0</value> </parameter>
<!--			Checksum Offload -->
				<parameter> <name>ofld_cap</name> <setting></setting> <value>0</value> </parameter>
				<parameter> <name>TaskOffloadCap</name> <setting></setting> <value>0</value> </parameter>
				<parameter> <name>CksOffload</name> <setting></setting> <value>0</value> </parameter>
				<parameter> <name>ChecksumRxIp</name> <setting></setting> <value>0</value> </parameter>
				<parameter> <name>ChecksumRxTcp</name> <setting></setting> <value>0</value> </parameter>
				<parameter> <name>ChecksumTxIp</name> <setting></setting> <value>0</value> </parameter>
				<parameter> <name>ChecksumTxTcp</name> <setting></setting> <value>0</value> </parameter>
				<parameter> <name>*IPChecksumOffloadIPv4</name> <setting></setting> <value>0</value> </parameter>
				<parameter> <name>*TCPConnectionOffloadIPv4</name> <setting></setting> <value>0</value> </parameter>
				<parameter> <name>*TCPConnectionOffloadIPv6</name> <setting></setting> <value>0</value> </parameter>
				<parameter> <name>*TCPUDPChecksumOffloadIPv4</name> <setting></setting> <value>0</value> </parameter>
				<parameter> <name>*TCPChecksumOffloadIPv4</name> <setting></setting> <value>0</value> </parameter>
				<parameter> <name>*TCPChecksumOffloadIPv6</name> <setting></setting> <value>0</value> </parameter>
				<parameter> <name>*UDPChecksumOffloadIPv4</name> <setting></setting> <value>0</value> </parameter>
				<parameter> <name>*UDPChecksumOffloadIPv6</name> <setting></setting> <value>0</value> </parameter>
<!--			Rx and TX Buffers -->
				<parameter> <name>RxStdDescCnt</name> <setting>max</setting> <value>2048</value> </parameter>
				<parameter> <name>NumRxDescriptors</name> <setting>max</setting> <value>2048</value> </parameter>
				<parameter> <name>*ReceiveBuffers</name> <setting>max</setting> <value>2048</value> </parameter>
				<parameter> <name>TxPacketDescCnt</name> <setting>default</setting> <value>200</value> </parameter>
				<parameter> <name>NumTxDescriptors</name> <setting>default</setting> <value>200</value> </parameter>
				<parameter> <name>*TransmitBuffers</name> <setting>default</setting> <value>200</value> </parameter>
			</nic_type>

<!-- Vendor-specific NIC settings.  Applied after generic settings, i.e. override. -->
			<nic_type vendor="Broadcom">
				<parameter> <name>RxStdDescCnt</name> <setting>max</setting> <value>3000</value> </parameter>
				<parameter> <name>NumRxDescriptors</name> <setting>max</setting> <value>3000</value> </parameter>
				<parameter> <name>*ReceiveBuffers</name> <setting>max</setting> <value>3000</value> </parameter>
				<parameter> <name>TxPacketDescCnt</name> <setting>default</setting> <value>200</value> </parameter>
				<parameter> <name>NumTxDescriptors</name> <setting>default</setting> <value>200</value> </parameter>
				<parameter> <name>*TransmitBuffers</name> <setting>default</setting> <value>200</value> </parameter>
			</nic_type>
			<nic_type vendor="HP">
				<parameter> <name>RxStdDescCnt</name> <setting>max</setting> <value>3000</value> </parameter>
				<parameter> <name>NumRxDescriptors</name> <setting>max</setting> <value>3000</value> </parameter>
				<parameter> <name>*ReceiveBuffers</name> <setting>max</setting> <value>3000</value> </parameter>
				<parameter> <name>TxPacketDescCnt</name> <setting>default</setting> <value>200</value> </parameter>
				<parameter> <name>NumTxDescriptors</name> <setting>default</setting> <value>200</value> </parameter>
				<parameter> <name>*TransmitBuffers</name> <setting>default</setting> <value>200</value> </parameter>
			</nic_type>
			<nic_type vendor="Intel">
				<parameter> <name>RxStdDescCnt</name> <setting>max</setting> <value>2048</value> </parameter>
				<parameter> <name>NumRxDescriptors</name> <setting>max</setting> <value>2048</value> </parameter>
				<parameter> <name>*ReceiveBuffers</name> <setting>max</setting> <value>2048</value> </parameter>
				<parameter> <name>TxPacketDescCnt</name> <setting>default</setting> <value>640</value> </parameter>
				<parameter> <name>NumTxDescriptors</name> <setting>default</setting> <value>640</value> </parameter>
				<parameter> <name>*TransmitBuffers</name> <setting>default</setting> <value>640</value> </parameter>
			</nic_type>
			<nic_type vendor="Realtek">
			</nic_type>
			<nic_type vendor="3Com">
			</nic_type>

		</nic>

	</global>
	
	<os_specific>

		<os version="Windows XP">

		<power>
			<scheme>Always On</scheme>
		</power>

		<windows_services>
			<service display_name="Windows Firewall/Internet Connection Sharing (ICS)">
				<name>SharedAccess</name> <startup_type>Disabled</startup_type>
			</service>
		</windows_services>

		<registry>
			<key path="HKLM:\SYSTEM\CurrentControlSet\Services\Tcpip\Parameters">
				<value> <name>ArpCacheLife</name> <type>DWORD</type> <data>0xffffffff</data> </value>
				<value> <name>ArpCacheMinReferencedLife</name> <type>DWORD</type> <data>0xffffffff</data> </value>
				<value> <name>IGMPVersion</name> <type>DWORD</type> <data>3</data> </value>
				<value> <name>DisableTaskOffload</name> <type>DWORD</type> <data>1</data> </value>
				<value> <name>DisableDHCPMediaSense</name> <type>DWORD</type> <data>0</data> </value>
			</key>
		</registry>

		<network_shell>
		</network_shell>

		<nic>
		</nic>

		</os>

		<os version="Windows 7">

		<power>
			<scheme>High Performance</scheme>
		</power>

		<windows_services>
			<service display_name="Windows Firewall">
				<name>MpsSvc</name> <startup_type>Disabled</startup_type>
			</service>
			<service display_name="Base Filtering Engine">
				<name>BFE</name> <startup_type>Disabled</startup_type>
			</service>
			<service display_name="Windows Defender">
				<name>WinDefend</name> <startup_type>Disabled</startup_type>
			</service>
			<service display_name="Windows Search">
				<name>WSearch</name> <startup_type>Disabled</startup_type>
			</service>
		</windows_services>

		<registry>

<!-- User Account Control -->
			<key path="HKLM:\SOFTWARE\Microsoft\Windows\CurrentVersion\Policies\System">
				<value> <name>EnableLUA</name> <type>DWORD</type> <data>0</data> </value>
				<value> <name>ConsentPromptBehaviorAdmin</name> <type>DWORD</type> <data>0</data> </value>
				<value> <name>PromptOnSecureDesktop</name> <type>DWORD</type> <data>0</data> </value>
			</key>

		</registry>

		<network_shell>
			<set_global>
				<netsh context="interface tcp">
					<parameter> <name>rss</name> <value>disabled</value> </parameter>
					<parameter> <name>chimney</name> <value>disabled</value> </parameter>
					<parameter> <name>ecncapability</name> <value>disabled</value> </parameter>
					<parameter> <name>congestionprovider</name> <value>none</value> </parameter>
					<parameter> <name>autotuninglevel</name> <value>normal</value> </parameter>
				</netsh>
				<netsh context="interface ipv4">
					<parameter> <name>taskoffload</name> <value>disabled</value> </parameter>
					<parameter> <name>dhcpmediasense</name> <value>enabled</value> </parameter>
					<parameter> <name>mldversion</name> <value>version2</value> </parameter>
				</netsh>
			</set_global>
		</network_shell>

		<nic>
		</nic>

		</os>

		<os version="Windows 2003">

		<power>
			<scheme>Always On</scheme>
		</power>

		<windows_services>
			<service display_name="Windows Firewall/Internet Connection Sharing (ICS)">
				<name>SharedAccess</name> <startup_type>Disabled</startup_type>
			</service>
			<service display_name="Print Spooler">
				<name>Spooler</name> <startup_type>Disabled</startup_type>
			</service>
		</windows_services>

		<registry>
			<key path="HKLM:\SYSTEM\CurrentControlSet\Services\Tcpip\Parameters">
				<value> <name>ArpCacheLife</name> <type>DWORD</type> <data>0xffffffff</data> </value>
				<value> <name>ArpCacheMinReferencedLife</name> <type>DWORD</type> <data>0xffffffff</data> </value>
				<value> <name>IGMPVersion</name> <type>DWORD</type> <data>3</data> </value>
				<value> <name>DisableTaskOffload</name> <type>DWORD</type> <data>1</data> </value>
				<value> <name>DisableDHCPMediaSense</name> <type>DWORD</type> <data>0</data> </value>
			</key>
		</registry>

		<network_shell>
		</network_shell>

		<nic>
		</nic>

		</os>

		<os version="Windows 2008">

		<power>
			<scheme>High Performance</scheme>
		</power>

		<windows_services>
			<service display_name="Windows Firewall">
				<name>MpsSvc</name> <startup_type>Disabled</startup_type>
			</service>
			<service display_name="Base Filtering Engine">
				<name>BFE</name> <startup_type>Disabled</startup_type>
			</service>
			<service display_name="Print Spooler">
				<name>Spooler</name> <startup_type>Disabled</startup_type>
			</service>
			<service display_name="Windows Defender">
				<name>WinDefend</name> <startup_type>Disabled</startup_type>
			</service>
			<service display_name="Windows Search">
				<name>WSearch</name> <startup_type>Disabled</startup_type>
			</service>
		</windows_services>

		<registry>

<!-- User Account Control -->
			<key path="HKLM:\SOFTWARE\Microsoft\Windows\CurrentVersion\Policies\System">
				<value> <name>EnableLUA</name> <type>DWORD</type> <data>0</data> </value>
				<value> <name>ConsentPromptBehaviorAdmin</name> <type>DWORD</type> <data>0</data> </value>
				<value> <name>PromptOnSecureDesktop</name> <type>DWORD</type> <data>0</data> </value>
			</key>

		</registry>

		<network_shell>
			<set_global>
				<netsh context="interface tcp">
					<parameter> <name>rss</name> <value>disabled</value> </parameter>
					<parameter> <name>chimney</name> <value>disabled</value> </parameter>
					<parameter> <name>ecncapability</name> <value>disabled</value> </parameter>
					<parameter> <name>congestionprovider</name> <value>none</value> </parameter>
					<parameter> <name>autotuninglevel</name> <value>normal</value> </parameter>
				</netsh>
				<netsh context="interface ipv4">
					<parameter> <name>taskoffload</name> <value>disabled</value> </parameter>
					<parameter> <name>dhcpmediasense</name> <value>enabled</value> </parameter>
					<parameter> <name>mldversion</name> <value>version2</value> </parameter>
				</netsh>
			</set_global>
		</network_shell>

		<nic>
		</nic>

		</os>

	</os_specific>

</automagical>