<?xml version="1.0" encoding="UTF-8"?>
<!-- AutoMagical Rollback Configuration File -->

<automagical version="1.5">

	<global>

		<windows_services>
			<service display_name="">
				<name></name> <startup_type></startup_type>
			</service>
		</windows_services>

		<registry>
			<key path="">
				<value> <name></name> <type></type> <data></data> </value>
			</key>
		</registry>

		<network_shell>
			<set_global>
				<netsh context="">
					<parameter> <name></name> <value></value> </parameter>
				</netsh>
			</set_global>
		</network_shell>

	</global>
	
	<os_specific>

		<os version="Windows XP">

		<power>
			<scheme></scheme>
		</power>

		</os>

		<os version="Windows 7">

		<power>
			<scheme></scheme>
		</power>

		</os>

		<os version="Windows 2003">

		<power>
			<scheme></scheme>
		</power>

		</os>

		<os version="Windows 2008">

		<power>
			<scheme></scheme>
		</power>

		</os>

	</os_specific>

</automagical>